[
    {
        "code": "11",
        "name": "Tỉnh Điện Biên",
        "type": "tinh",
        "name_with_type": "Tỉnh Điện Biên"
    },
    {
        "code": "12",
        "name": "Tỉnh Lai Châu",
        "type": "tinh",
        "name_with_type": "Tỉnh Lai Châu"
    },
    {
        "code": "14",
        "name": "Tỉnh Sơn La",
        "type": "tinh",
        "name_with_type": "Tỉnh Sơn La"
    },
    {
        "code": "15",
        "name": "Tỉnh Lào Cai",
        "type": "tinh",
        "name_with_type": "Tỉnh Lào Cai"
    },
    {
        "code": "19",
        "name": "Tỉnh Thái Nguyên",
        "type": "tinh",
        "name_with_type": "Tỉnh Thái Nguyên"
    },
    {
        "code": "20",
        "name": "Tỉnh Lạng Sơn",
        "type": "tinh",
        "name_with_type": "Tỉnh Lạng Sơn"
    },
    {
        "code": "22",
        "name": "Tỉnh Quảng Ninh",
        "type": "tinh",
        "name_with_type": "Tỉnh Quảng Ninh"
    },
    {
        "code": "24",
        "name": "Tỉnh Bắc Ninh",
        "type": "tinh",
        "name_with_type": "Tỉnh Bắc Ninh"
    },
    {
        "code": "25",
        "name": "Tỉnh Phú Thọ",
        "type": "tinh",
        "name_with_type": "Tỉnh Phú Thọ"
    },
    {
        "code": "31",
        "name": "Thành phố Hải Phòng",
        "type": "thanh-pho",
        "name_with_type": "Thành phố Hải Phòng"
    },
    {
        "code": "33",
        "name": "Tỉnh Hưng Yên",
        "type": "tinh",
        "name_with_type": "Tỉnh Hưng Yên"
    },
    {
        "code": "37",
        "name": "Tỉnh Ninh Bình",
        "type": "tinh",
        "name_with_type": "Tỉnh Ninh Bình"
    },
    {
        "code": "38",
        "name": "Tỉnh Thanh Hóa",
        "type": "tinh",
        "name_with_type": "Tỉnh Thanh Hóa"
    },
    {
        "code": "40",
        "name": "Tỉnh Nghệ An",
        "type": "tinh",
        "name_with_type": "Tỉnh Nghệ An"
    },
    {
        "code": "42",
        "name": "Tỉnh Hà Tĩnh",
        "type": "tinh",
        "name_with_type": "Tỉnh Hà Tĩnh"
    },
    {
        "code": "44",
        "name": "Tỉnh Quảng Trị",
        "type": "tinh",
        "name_with_type": "Tỉnh Quảng Trị"
    },
    {
        "code": "46",
        "name": "Thành phố Huế",
        "type": "thanh-pho",
        "name_with_type": "Thành phố Huế"
    },
    {
        "code": "48",
        "name": "Thành phố Đà Nẵng",
        "type": "thanh-pho",
        "name_with_type": "Thành phố Đà Nẵng"
    },
    {
        "code": "51",
        "name": "Tỉnh Quảng Ngãi",
        "type": "tinh",
        "name_with_type": "Tỉnh Quảng Ngãi"
    },
    {
        "code": "52",
        "name": "Tỉnh Gia Lai",
        "type": "tinh",
        "name_with_type": "Tỉnh Gia Lai"
    },
    {
        "code": "56",
        "name": "Tỉnh Khánh Hòa",
        "type": "tinh",
        "name_with_type": "Tỉnh Khánh Hòa"
    },
    {
        "code": "66",
        "name": "Tỉnh Đắk Lắk",
        "type": "tinh",
        "name_with_type": "Tỉnh Đắk Lắk"
    },
    {
        "code": "68",
        "name": "Tỉnh Lâm Đồng",
        "type": "tinh",
        "name_with_type": "Tỉnh Lâm Đồng"
    },
    {
        "code": "75",
        "name": "Tỉnh Đồng Nai",
        "type": "tinh",
        "name_with_type": "Tỉnh Đồng Nai"
    },
    {
        "code": "79",
        "name": "Thành phố Hồ Chí Minh",
        "type": "thanh-pho",
        "name_with_type": "Thành phố Hồ Chí Minh"
    },
    {
        "code": "80",
        "name": "Tỉnh Tây Ninh",
        "type": "tinh",
        "name_with_type": "Tỉnh Tây Ninh"
    },
    {
        "code": "82",
        "name": "Tỉnh Đồng Tháp",
        "type": "tinh",
        "name_with_type": "Tỉnh Đồng Tháp"
    },
    {
        "code": "86",
        "name": "Tỉnh Vĩnh Long",
        "type": "tinh",
        "name_with_type": "Tỉnh Vĩnh Long"
    },
    {
        "code": "91",
        "name": "Tỉnh An Giang",
        "type": "tinh",
        "name_with_type": "Tỉnh An Giang"
    },
    {
        "code": "92",
        "name": "Thành phố Cần Thơ",
        "type": "thanh-pho",
        "name_with_type": "Thành phố Cần Thơ"
    },
    {
        "code": "96",
        "name": "Tỉnh Cà Mau",
        "type": "tinh",
        "name_with_type": "Tỉnh Cà Mau"
    },
    {
        "code": "01",
        "name": "Thành phố Hà Nội",
        "type": "thanh-pho",
        "name_with_type": "Thành phố Hà Nội"
    },
    {
        "code": "04",
        "name": "Tỉnh Cao Bằng",
        "type": "tinh",
        "name_with_type": "Tỉnh Cao Bằng"
    },
    {
        "code": "08",
        "name": "Tỉnh Tuyên Quang",
        "type": "tinh",
        "name_with_type": "Tỉnh Tuyên Quang"
    }
]